ds;aerolinea;yhat;yhat_lower;yhat_upper
2017-01-31;Aerolíneas Argentinas;1045220,8120202541;585419,912743277;1546851,8334794864
2017-02-28;Aerolíneas Argentinas;1046708,486519806;523697,5481213497;1572184,4149285024
2017-03-31;Aerolíneas Argentinas;998729,1732503239;516062,38127636275;1404944,8106272984
2017-04-30;Aerolíneas Argentinas;828813,7242059761;386899,30946905195;1302037,4909993487
2017-05-31;Aerolíneas Argentinas;743766,1254041423;268516,96656899375;1211303,9932255733
2017-06-30;Aerolíneas Argentinas;753929,1526538287;283625,1721500275;1199828,7395590767
2017-07-31;Aerolíneas Argentinas;920162,6274559683;418894,610066368;1409553,1726322074
2017-08-31;Aerolíneas Argentinas;936529,8834227072;493302,879453241;1409718,9824509493
2017-09-30;Aerolíneas Argentinas;931137,334997732;499188,8089882467;1408187,027707143
2017-10-31;Aerolíneas Argentinas;946681,6461846001;451141,67067229975;1451504,4246945085
2017-11-30;Aerolíneas Argentinas;925922,57633554;473845,1396597352;1375319,527006608
2017-12-31;Aerolíneas Argentinas;929727,2195750143;451338,1222429111;1412112,3938884193
2018-01-31;Aerolíneas Argentinas;1058527,3192109577;559999,193972971;1536788,647777024
2018-02-28;Aerolíneas Argentinas;919923,3733648877;479218,40600179386;1330217,1347463082
2018-03-31;Aerolíneas Argentinas;966789,9659325437;473605,5227778839;1437736,4241532646
2018-04-30;Aerolíneas Argentinas;849109,0109941668;382526,3781894898;1292414,9785769314
2018-05-31;Aerolíneas Argentinas;783771,057886979;332744,0908044816;1225001,3505501493
2018-06-30;Aerolíneas Argentinas;737651,2173572134;242123,02677749243;1217393,4252078098
2018-07-31;Aerolíneas Argentinas;915404,8725498938;437903,2323982246;1410367,1971521012
2018-08-31;Aerolíneas Argentinas;882594,157616051;398378,7343097849;1365760,6327864416
2018-09-30;Aerolíneas Argentinas;867051,7222893559;412492,0170472032;1357004,0749155232
2018-10-31;Aerolíneas Argentinas;930178,8977459434;460793,06890705606;1397226,6850762698
2018-11-30;Aerolíneas Argentinas;940815,6379046913;451621,7895310437;1421235,0148566307
2018-12-31;Aerolíneas Argentinas;985632,0891367968;493633,3253698802;1467647,0704650378
2019-01-31;Aerolíneas Argentinas;1069098,675454286;597450,5874894785;1556388,0254796462
2019-02-28;Aerolíneas Argentinas;792934,7211887442;350137,3853047712;1279929,3317338903
2019-03-31;Aerolíneas Argentinas;937128,8952057984;448637,19906835916;1414599,5910588664
2019-04-30;Aerolíneas Argentinas;870975,4064132922;374482,01476279635;1351710,6435330245
2019-05-31;Aerolíneas Argentinas;823562,7512336494;381407,4999011307;1268864,9366457767
2019-06-30;Aerolíneas Argentinas;720288,2901678338;256374,4982655816;1179538,2702736827
2019-07-31;Aerolíneas Argentinas;909373,0224645301;433644,6476411946;1393623,2446781457
2019-08-31;Aerolíneas Argentinas;827682,9186382592;348442,4681894984;1266586,7504266535
2019-09-30;Aerolíneas Argentinas;803865,3093620527;335212,4931092071;1258237,7288902644
2019-10-31;Aerolíneas Argentinas;915407,1840174058;482852,84657825227;1390334,592964279
2019-11-30;Aerolíneas Argentinas;956919,3698168512;502074,9761110374;1450117,1432696204
2019-12-31;Aerolíneas Argentinas;1040921,6750083894;566340,2808266755;1548112,5339751658
2020-01-31;Aerolíneas Argentinas;1076905,3997053467;600167,569607013;1504192,2115294938
2020-02-29;Aerolíneas Argentinas;1110146,771002536;654941,964877312;1597318,110867023
2020-03-31;Aerolíneas Argentinas;969896,9734528761;475033,237528214;1463559,6599047857
2020-04-30;Aerolíneas Argentinas;747141,3038136453;262412,51949399896;1209880,536110963
2020-05-31;Aerolíneas Argentinas;640627,6168652883;155055,581216425;1150798,9839977694
2020-06-30;Aerolíneas Argentinas;706143,1843706169;196940,5273059643;1186712,6766464103
2020-07-31;Aerolíneas Argentinas;860654,232974633;393489,1962343431;1328524,652055282
2020-08-31;Aerolíneas Argentinas;926442,5462215551;460856,3101092164;1385693,8728758956
2020-09-30;Aerolíneas Argentinas;933069,087287616;471011,8623441217;1412574,570847482
2020-10-31;Aerolíneas Argentinas;901935,4974772074;414190,33136114775;1344782,796504354
2020-11-30;Aerolíneas Argentinas;849339,3805677755;367494,69672328554;1313690,7406213675
2020-12-31;Aerolíneas Argentinas;810356,8492490401;364505,94924546994;1260772,0886862006
2021-01-31;Aerolíneas Argentinas;982278,9316862676;511273,37920361344;1452827,2009897751
2021-02-28;Aerolíneas Argentinas;983776,9520487271;524827,9028389319;1459330,775501232
2021-03-31;Aerolíneas Argentinas;935809,0931286048;453029,25714425975;1363204,5993097448
2021-04-30;Aerolíneas Argentinas;765907,7857007878;295136,2401889249;1227488,1431838337
2021-05-31;Aerolíneas Argentinas;680874,7999118068;229177,88034433717;1223204,6325393098
2021-06-30;Aerolíneas Argentinas;691058,518351749;207571,9081973182;1170684,7951603888
2021-07-31;Aerolíneas Argentinas;857313,3740499483;376514,1676311638;1357208,7629461444
2021-08-31;Aerolíneas Argentinas;873702,0109235184;424408,8888534064;1342764,834438671
2021-09-30;Aerolíneas Argentinas;868330,2924672622;357093,4084757055;1323156,473224679
2021-10-31;Aerolíneas Argentinas;883896,1279459395;372933,92799881886;1369030,3097832303
2021-11-30;Aerolíneas Argentinas;863157,8880576624;359745,150423414;1343145,8244155839
2021-12-31;Aerolíneas Argentinas;866990,0464374654;389503,226977482;1315030,222374709
2022-01-31;Aerolíneas Argentinas;995817,6612103805;487887,1269355194;1462078,0261517055
2022-02-28;Aerolíneas Argentinas;857238,567744561;365068,6325122886;1287704,4131958038
2022-03-31;Aerolíneas Argentinas;904132,6754583364;409303,40365601674;1360364,7100947504
2022-04-30;Aerolíneas Argentinas;786478,3480817981;271555,62456965906;1238398,403591753
2022-05-31;Aerolíneas Argentinas;721167,9101357806;212613,21932077451;1214989,7484745295
2022-06-30;Aerolíneas Argentinas;675074,6971808199;233783,99433291322;1156931,2222057842
2022-07-31;Aerolíneas Argentinas;852855,8675419544;385481,0719010407;1327728,9072370573
2022-08-31;Aerolíneas Argentinas;820072,6677905973;364742,90310250333;1308734,2746173867
2022-09-30;Aerolíneas Argentinas;804556,8600571236;342076,9110911776;1271083,2883119683
2022-10-31;Aerolíneas Argentinas;867711,5506941767;362543,2663473417;1318913,2965439504
2022-11-30;Aerolíneas Argentinas;878374,918455591;415227,873043673;1332885,5894563224
2022-12-31;Aerolíneas Argentinas;923218,8848749343;422161,49489426444;1388531,3439903182
2023-01-31;Aerolíneas Argentinas;1006712,9863789038;547645,6682542242;1459870,4499479898
2023-02-28;Aerolíneas Argentinas;730573,8845402439;246145,2391646654;1207410,8305401504
2023-03-31;Aerolíneas Argentinas;874795,5737359298;425877,7840151638;1347037,504366006
2023-04-30;Aerolíneas Argentinas;808668,7125362059;363697,24613717746;1269925,4212810053
2023-05-31;Aerolíneas Argentinas;761283,5725347545;273498,0931213448;1213599,7981574736
2023-06-30;Aerolíneas Argentinas;658035,7390459969;220438,79663068897;1130000,398769126
2023-07-31;Aerolíneas Argentinas;847147,9865058427;374660,26759016333;1282455,0641380753
2023-08-31;Aerolíneas Argentinas;765485,2772265266;301538,81669867283;1243674,5502108263
2023-09-30;Aerolíneas Argentinas;741694,1788025952;249607,5843460779;1207328,3470459946
2023-10-31;Aerolíneas Argentinas;853263,4480055879;348377,0658609162;1309210,3808937108
2023-11-30;Aerolíneas Argentinas;894802,1446517721;431915,6681693069;1394483,3671778766
2023-12-31;Aerolíneas Argentinas;978831,8443847231;513661,2012080473;1420037,9559101034
2024-01-31;Aerolíneas Argentinas;1014842,9636222983;539215,3517921302;1466180,1192913833
2024-02-29;Aerolíneas Argentinas;1048109,9618261196;576624,8695940037;1519697,2158929324
2024-03-31;Aerolíneas Argentinas;907887,5585563752;472334,7908276821;1424366,6375635888
2024-04-30;Aerolíneas Argentinas;685158,3995110185;208867,12680874864;1135515,4080206272
2024-05-31;Aerolíneas Argentinas;578670,9642927411;80848,0815586345;1057827,516964823
2024-06-30;Aerolíneas Argentinas;644211,9366978317;162655,36619697252;1138829,436673336
2024-07-31;Aerolíneas Argentinas;798744,4491314804;294793,8460511089;1288414,4319148858
2024-08-31;Aerolíneas Argentinas;864554,2262081316;354708,61407457426;1335022,174853188
2024-09-30;Aerolíneas Argentinas;871201,5387230477;398643,5505838964;1330180,9615043355
2024-10-31;Aerolíneas Argentinas;840085,779635769;393376,8685483796;1313271,8423612209
2024-11-30;Aerolíneas Argentinas;787506,9182654936;310692,7538047229;1213232,3436362606
2024-12-31;Aerolíneas Argentinas;748542,2176692775;252475,80558595597;1213431,1563018758
2017-01-31;American Airlines;61890,95086442321;39080,99505509808;86382,84215865782
2017-02-28;American Airlines;69175,63557893809;47121,50692659508;92750,26693447863
2017-03-31;American Airlines;63340,385871510574;39280,525530380546;87508,59598218495
2017-04-30;American Airlines;49194,612611215794;25534,805431024513;72542,03986118376
2017-05-31;American Airlines;50001,99593116708;25478,183852091664;73966,1670847049
2017-06-30;American Airlines;50855,417914568134;26498,983512253857;74554,47602001374
2017-07-31;American Airlines;52037,01567783198;28029,696029348896;75579,59705752989
2017-08-31;American Airlines;54327,856062855164;31947,100684153247;79694,06327269082
2017-09-30;American Airlines;52670,36197592545;28825,193725784928;77974,19407765356
2017-10-31;American Airlines;56642,10148661229;33474,29569586668;80040,64522226197
2017-11-30;American Airlines;59276,99047525578;35732,64172116757;82082,13869960494
2017-12-31;American Airlines;63605,03333515846;40238,55942587048;87919,95743670953
2018-01-31;American Airlines;64276,57610691362;40198,98001663709;87981,79793339309
2018-02-28;American Airlines;56910,45263483834;33873,76368338482;81447,85823717086
2018-03-31;American Airlines;58251,85373854227;33714,231953293136;81512,89504745549
2018-04-30;American Airlines;49476,666463212954;26762,134191277066;73307,62808932296
2018-05-31;American Airlines;49058,556724727605;24265,198124955412;71129,62134236135
2018-06-30;American Airlines;47787,55150052209;25811,99378090527;70593,16177994898
2018-07-31;American Airlines;49096,48449509906;25514,77004182207;71917,79803921349
2018-08-31;American Airlines;50285,367223336456;25933,812939498708;73967,02079379324
2018-09-30;American Airlines;47362,31929970869;24714,812365519076;70812,7381162265
2018-10-31;American Airlines;51328,7954263384;27561,645421082354;74099,09660188532
2018-11-30;American Airlines;56833,40644617119;34625,148761906305;81913,87357456406
2018-12-31;American Airlines;64453,33239582451;42418,04070813433;88259,51824303174
2019-01-31;American Airlines;66488,65487700352;43952,94017630525;90089,39002585033
2019-02-28;American Airlines;44579,14949656656;20272,088342048053;68784,22269138049
2019-03-31;American Airlines;53330,22808857837;29059,907947259144;76189,81529194531
2019-04-30;American Airlines;49857,26331572094;27897,300200030037;73144,8165491806
2019-05-31;American Airlines;48093,03689281062;25312,400212405584;70830,2504400456
2019-06-30;American Airlines;44667,48954588242;19210,300575122834;66768,01093725646
2019-07-31;American Airlines;46104,880195822196;20812,03202630895;70494,1067383596
2019-08-31;American Airlines;46190,42687533399;23592,82556557689;69225,62530699206
2019-09-30;American Airlines;42053,786659388046;19187,065324953157;65152,438701577405
2019-10-31;American Airlines;46089,461460900755;22190,86891734118;71323,03008491162
2019-11-30;American Airlines;54501,8396705122;31389,49247021264;77467,86742553
2019-12-31;American Airlines;65334,33722446425;40531,261646622275;89572,67205125825
2020-01-31;American Airlines;68521,24462241543;44954,507902148034;92663,68899233885
2020-02-29;American Airlines;68395,2535820281;44128,34597137705;92497,6193782001
2020-03-31;American Airlines;55622,85928713125;30709,31521404383;80563,00770137804
2020-04-30;American Airlines;36046,6102541789;12164,793762238158;61335,72772428596
2020-05-31;American Airlines;37958,82368130828;13121,87303097217;60018,21972069052
2020-06-30;American Airlines;40903,85505597074;18965,163907551552;64519,3053658489
2020-07-31;American Airlines;41958,57855121638;18858,259741192578;66040,57881499341
2020-08-31;American Airlines;45348,460888835114;19646,641712725293;68136,79876827194
2020-09-30;American Airlines;45006,89495131079;22232,474596004176;68364,6998673643
2020-10-31;American Airlines;49059,69845427794;25164,470012901504;73288,87105102185
2020-11-30;American Airlines;48868,53361797432;25595,563903220926;73883,43565752821
2020-12-31;American Airlines;49830,81142172105;25352,618026028114;73969,16730345975
2021-01-31;American Airlines;48926,79296217577;25172,597287608813;73436,5507674659
2021-02-28;American Airlines;56212,57543519703;31771,5456955527;80661,87352485505
2021-03-31;American Airlines;50378,54110334787;28325,640271149223;75857,60306147677
2021-04-30;American Airlines;36234,3197796263;11338,661432329965;60274,70604559682
2021-05-31;American Airlines;37043,306767629656;12750,647333692456;60570,09384945437
2021-06-30;American Airlines;37898,50532486605;13717,939867712746;61492,47793837707
2021-07-31;American Airlines;39081,938881096125;16353,494613349465;62375,99291336036
2021-08-31;American Airlines;41374,61505882065;17342,3071729673;65161,908618106885
2021-09-30;American Airlines;39718,947865915696;18531,379855256087;64928,58692180957
2021-10-31;American Airlines;43692,57516718042;20790,69593192533;66729,64044528073
2021-11-30;American Airlines;46329,29104997464;23627,85127421471;68220,66813517736
2021-12-31;American Airlines;50659,35923119872;28359,47015249312;72813,9753268272
2022-01-31;American Airlines;51332,92732452567;28146,037183593246;74239,28600936476
2022-02-28;American Airlines;43968,63317504329;20376,635204087313;67396,07472277977
2022-03-31;American Airlines;45312,0701199728;21297,365508824518;69298,83877153519
2022-04-30;American Airlines;36538,85301373558;13391,65187984666;59762,30899165504
2022-05-31;American Airlines;36122,77939570711;10731,563890778736;59088,085749024554
2022-06-30;American Airlines;34853,74461068411;12409,420788892434;58290,396966482236
2022-07-31;American Airlines;36164,713725907925;11541,181071546393;59721,905688616156
2022-08-31;American Airlines;37355,632575167445;14530,044494704582;61156,86224534566
2022-09-30;American Airlines;34434,55509136374;9361,964541103365;58401,07135441416
2022-10-31;American Airlines;38403,06733915258;12940,733002427149;61213,88050608532
2022-11-30;American Airlines;43909,648799098155;19696,240009211608;68579,62273420245
2022-12-31;American Airlines;51531,61087010108;28879,738339638086;75638,9148288195
2023-01-31;American Airlines;53568,969472596975;31223,671951206547;76053,62480448492
2023-02-28;American Airlines;31661,303169538885;6957,76711296121;55852,47130158125
2023-03-31;American Airlines;40414,417882796195;17418,982300447096;62829,906735491495
2023-04-30;American Airlines;36943,423549924846;12905,005917816683;62465,27512700192
2023-05-31;American Airlines;35181,23324824231;11187,803182687143;57814,60725373235
2023-06-30;American Airlines;31757,65634127066;8006,480270312858;56805,90261072601
2023-07-31;American Airlines;33197,08311250292;9274,72043800436;57316,26336994862
2023-08-31;American Airlines;33284,66591324636;9595,25148772012;57914,02270427932
2023-09-30;American Airlines;29149,996137205108;3610,9164253058934;53189,94374953869
2023-10-31;American Airlines;33187,70705995543;10555,426723249013;57359,47488528758
2023-11-30;American Airlines;41602,05570913709;17704,941370734407;65271,962912104915
2023-12-31;American Airlines;52436,589383994346;28814,090766611025;76916,09099318898
2024-01-31;American Airlines;55625,532902767;31442,260610522797;77714,84243884016
2024-02-29;American Airlines;55501,410492378986;30079,00477523469;79546,35093549755
2024-03-31;American Airlines;42731,01369851424;17679,96091329999;66297,9760019156
2024-04-30;American Airlines;23156,697731117103;-2029,0903360541636;46558,981992546855
2024-05-31;American Airlines;25070,77595432681;1717,172519054703;48084,39309807582
2024-06-30;American Airlines;28017,611970401293;4330,357113800014;52194,464570661876
2024-07-31;American Airlines;29074,07376239554;4531,419451332203;53928,32843156431
2024-08-31;American Airlines;32465,694396793107;8590,19204045558;56388,225456231994
2024-09-30;American Airlines;32125,810681974224;6529,348207921261;56093,12575408366
2024-10-31;American Airlines;36179,929143331996;12412,183527138886;59516,130718548375
2024-11-30;American Airlines;35990,03684745054;11691,138802675268;61425,5852790343
2024-12-31;American Airlines;36953,62960955475;16189,419209421842;61172,23383096238
2017-01-31;Andes Líneas Aéreas;69433,8724825886;40207,55848249239;101167,73466349216
2017-02-28;Andes Líneas Aéreas;61088,52717964738;33571,22017474568;92949,89164362954
2017-03-31;Andes Líneas Aéreas;59608,629205771766;28786,665419266712;88411,79037007873
2017-04-30;Andes Líneas Aéreas;56467,251982474765;26310,188770264933;85461,1616835515
2017-05-31;Andes Líneas Aéreas;51052,06264686376;19586,182366351124;81227,64780456883
2017-06-30;Andes Líneas Aéreas;50699,396820799266;19756,65086288183;78810,09940652228
2017-07-31;Andes Líneas Aéreas;63557,97858496584;31657,810241378345;93713,15698556819
2017-08-31;Andes Líneas Aéreas;66081,3085538193;36599,80394437302;94757,24586874075
2017-09-30;Andes Líneas Aéreas;64078,097739795616;34429,10400620034;93137,48842533094
2017-10-31;Andes Líneas Aéreas;60334,096868866385;29911,44953174958;88217,30744029673
2017-11-30;Andes Líneas Aéreas;55224,36128971978;25928,712839842836;82844,47095576541
2017-12-31;Andes Líneas Aéreas;58276,32685506963;28285,818098031974;86046,69777672873
2018-01-31;Andes Líneas Aéreas;58430,96909344875;31169,626940820992;88941,74818444456
2018-02-28;Andes Líneas Aéreas;52501,107907890124;22732,883292331142;78307,05576014979
2018-03-31;Andes Líneas Aéreas;49876,746578764934;21117,577758610412;80307,17466840622
2018-04-30;Andes Líneas Aéreas;42863,14220539769;13551,063934486196;71186,48435906919
2018-05-31;Andes Líneas Aéreas;40113,726522563375;9533,625202141571;67820,54365976152
2018-06-30;Andes Líneas Aéreas;39406,07040884468;10647,320814613764;68396,52981385942
2018-07-31;Andes Líneas Aéreas;54219,22835321831;25316,081687285347;83640,66876668399
2018-08-31;Andes Líneas Aéreas;56106,251201694016;27899,026844440054;86925,74332978914
2018-09-30;Andes Líneas Aéreas;53350,81001435474;22618,448267249383;83374,9433762817
2018-10-31;Andes Líneas Aéreas;49611,767605989;22102,29091058661;79461,21652739074
2018-11-30;Andes Líneas Aéreas;42735,8101880289;12011,07440317525;73627,49395509054
2018-12-31;Andes Líneas Aéreas;47373,63127865854;16540,827510292405;77013,7003838881
2019-01-31;Andes Líneas Aéreas;47470,13634699971;18906,92544090462;78132,88397409818
2019-02-28;Andes Líneas Aéreas;43910,31146055227;13129,730494762474;74197,47545320654
2019-03-31;Andes Líneas Aéreas;40069,09280203251;9260,2435090068;70731,82649262385
2019-04-30;Andes Líneas Aéreas;29235,377630034498;-76,14474639477827;59271,56146233276
2019-05-31;Andes Líneas Aéreas;29210,685976469595;-1329,4262702066305;59655,23781536488
2019-06-30;Andes Líneas Aéreas;28156,756504702968;-1364,1341699655472;59903,22407369293
2019-07-31;Andes Líneas Aéreas;44903,03943863936;14622,170580757744;71425,61351432261
2019-08-31;Andes Líneas Aéreas;46111,31273720594;17095,23087091997;75964,59122649446
2019-09-30;Andes Líneas Aéreas;42594,97258358868;13334,429984221377;72898,26688539448
2019-10-31;Andes Líneas Aéreas;38855,95838420387;9289,49003499404;69063,53047514815
2019-11-30;Andes Líneas Aéreas;30252,180476196634;932,8677731025352;58585,016853391855
2019-12-31;Andes Líneas Aéreas;36506,80762476604;6502,648770539538;67605,52973798447
2020-01-31;Andes Líneas Aéreas;36551,455043177426;6066,067056441491;66146,32856509277
2020-02-29;Andes Líneas Aéreas;26632,715793582887;-3667,0042044191887;55202,45101379276
2020-03-31;Andes Líneas Aéreas;26223,15758202219;-3933,9252621443347;55841,023665801054
2020-04-30;Andes Líneas Aéreas;27001,802973451337;-4472,525354015183;56697,38911263413
2020-05-31;Andes Líneas Aéreas;18981,96974025572;-10928,856076047416;47657,24036855109
2020-06-30;Andes Líneas Aéreas;18994,297867147834;-8378,608358872802;50415,42994499803
2020-07-31;Andes Líneas Aéreas;29879,27138724092;105,03355289125214;58578,57082484841
2020-08-31;Andes Líneas Aéreas;32996,3047920887;5415,815807186468;61245,750121140896
2020-09-30;Andes Líneas Aéreas;31735,676692945282;3588,4765622991017;61936,21231042893
2020-10-31;Andes Líneas Aéreas;27981,923033812243;-613,999171337537;56833,4686149603
2020-11-30;Andes Líneas Aéreas;24675,87626252752;-6037,210889860815;52887,07300303979
2020-12-31;Andes Líneas Aéreas;26175,239582267688;-801,0300913013841;53318,95857155939
2021-01-31;Andes Líneas Aéreas;26396,072197387308;-3597,2880885496816;56018,455989848124
2021-02-28;Andes Líneas Aéreas;18051,600999168542;-11289,593969266083;47329,21071333551
2021-03-31;Andes Líneas Aéreas;16572,67078406623;-13934,099745741618;45481,20299366266
2021-04-30;Andes Líneas Aéreas;13432,25228636288;-14384,199165284432;44099,3503472359
2021-05-31;Andes Líneas Aéreas;8018,05362719141;-22915,20574290688;36563,83028191919
2021-06-30;Andes Líneas Aéreas;7666,987191259466;-22156,91205519476;38528,28087112949
2021-07-31;Andes Líneas Aéreas;20527,221658535236;-7338,885034487244;49544,95625123046
2021-08-31;Andes Líneas Aéreas;23052,204324505303;-8696,888090497407;53212,36992594404
2021-09-30;Andes Líneas Aéreas;21050,789869506036;-10796,883971335832;49298,29576962839
2021-10-31;Andes Líneas Aéreas;17308,64523475842;-11723,744647709873;47651,00911399321
2021-11-30;Andes Líneas Aéreas;12200,706013200182;-16111,139245936478;41404,449845084084
2021-12-31;Andes Líneas Aéreas;15254,981538371889;-16090,063470347633;43921,453364774905
2022-01-31;Andes Líneas Aéreas;15411,93373104267;-13434,878918665556;44978,62282617011
2022-02-28;Andes Líneas Aéreas;9484,158955830735;-21514,24284075834;38437,244711300635
2022-03-31;Andes Líneas Aéreas;6862,441933280015;-20815,861740209617;33285,51045660399
2022-04-30;Andes Líneas Aéreas;-148,6034351509943;-28855,062162862127;29835,804962286704
2022-05-31;Andes Líneas Aéreas;-2895,3747857708086;-34199,935836531;26879,503642645734
2022-06-30;Andes Líneas Aéreas;-3600,4718683333676;-35502,77175318408;23819,641946614498
2022-07-31;Andes Líneas Aéreas;11215,330416598194;-19939,68791935498;38301,16652698284
2022-08-31;Andes Líneas Aéreas;13104,9976146249;-16087,754539661024;44685,383534197055
2022-09-30;Andes Líneas Aéreas;10352,115469381346;-20057,446978322634;39129,70942896927
2022-10-31;Andes Líneas Aéreas;6615,717404527528;-23742,713389843488;35849,12606368534
2022-11-30;Andes Líneas Aéreas;-257,68096729319063;-30409,997405044574;32106,232345469074
2022-12-31;Andes Líneas Aéreas;4382,784465978085;-23648,45720563506;33482,61882511263
2023-01-31;Andes Líneas Aéreas;4481,9338769669375;-27622,467042310265;33491,33446129236
2023-02-28;Andes Líneas Aéreas;924,497429049391;-28814,235217032518;31078,62466298635
2023-03-31;Andes Líneas Aéreas;-2914,076890838487;-32608,97145686861;26152,3764474977
2023-04-30;Andes Líneas Aéreas;-13745,233025484511;-43091,26372877954;15622,129357315316
2023-05-31;Andes Líneas Aéreas;-13767,280340407438;-42218,30430547256;15329,922909796576
2023-06-30;Andes Líneas Aéreas;-14818,65077685833;-46266,88473328701;13509,160029441358
2023-07-31;Andes Líneas Aéreas;1930,276493585182;-26065,08776575007;31857,023153899903
2023-08-31;Andes Líneas Aéreas;3141,194120909612;-26102,18336506278;33389,54425516106
2023-09-30;Andes Líneas Aéreas;-372,58700489244893;-28297,675234320184;29538,32844154169
2023-10-31;Andes Líneas Aéreas;-4108,956875521172;-33070,55794320252;25762,949399256937
2023-11-30;Andes Líneas Aéreas;-12710,259837714537;-44557,25829023397;17078,130911273794
2023-12-31;Andes Líneas Aéreas;-6453,075245121302;-36905,67566635412;24011,11952352484
2024-01-31;Andes Líneas Aéreas;-6405,870382693524;-36395,635510455366;22516,889656357016
2024-02-29;Andes Líneas Aéreas;-16322,217351269835;-45559,23090010556;11254,21340419338
2024-03-31;Andes Líneas Aéreas;-16729,21829693279;-47339,08086288022;9967,891251957348
2024-04-30;Andes Líneas Aéreas;-15948,098132065705;-45781,887376854735;14507,707360424734
2024-05-31;Andes Líneas Aéreas;-23965,45784241608;-53030,10617103953;4566,949188261894
2024-06-30;Andes Líneas Aéreas;-23950,73598374305;-54216,86818496252;7675,898441425722
2024-07-31;Andes Líneas Aéreas;-13063,412352040905;-43512,89500329654;16330,063827710375
2024-08-31;Andes Líneas Aéreas;-9944,028835605877;-39973,60370490034;18576,484012267443
2024-09-30;Andes Líneas Aéreas;-11202,382633217381;-40082,7769362145;18821,46552865866
2024-10-31;Andes Líneas Aéreas;-14954,36990348929;-45229,36855261128;16430,554474384382
2024-11-30;Andes Líneas Aéreas;-18258,70726620652;-48427,48090587031;12847,839828515494
2024-12-31;Andes Líneas Aéreas;-16757,577557580338;-45744,879521902134;13151,242166850961
2017-01-31;Avianca;47030,20652609297;26187,768043036278;64989,19250445132
2017-02-28;Avianca;47506,52431804367;28111,22262467438;66180,28388545659
2017-03-31;Avianca;45943,05556380275;26007,051040465227;65799,1970629315
2017-04-30;Avianca;41343,459829924934;22585,87236241678;61413,48823948553
2017-05-31;Avianca;38896,59953761679;18166,155356565858;57676,06686924566
2017-06-30;Avianca;37941,36061684235;20195,53789493374;58338,36530334777
2017-07-31;Avianca;38740,24376249708;19592,214287736642;58803,51924313169
2017-08-31;Avianca;39452,95882606211;20391,53972536829;58440,46451076133
2017-09-30;Avianca;38738,91043753088;19373,361646733403;55879,55112879622
2017-10-31;Avianca;39418,59040954643;20395,968558440207;59572,48751096115
2017-11-30;Avianca;41825,83793426517;23293,45166484915;61019,071461353145
2017-12-31;Avianca;43437,05069978297;24100,519917517806;63119,75759319708
2018-01-31;Avianca;44066,24339110687;25482,381200283522;63824,14048876689
2018-02-28;Avianca;40306,10308361604;19115,742770638877;59537,05107200645
2018-03-31;Avianca;41150,884021836304;20880,19653221171;61069,60516038068
2018-04-30;Avianca;37628,757325622006;18769,008829442933;56395,49733622648
2018-05-31;Avianca;37908,878768725765;18735,347688244456;58684,37776759503
2018-06-30;Avianca;32998,441167606376;13547,639251911063;52569,90000116353
2018-07-31;Avianca;33755,12282401897;14118,77821470762;52646,72692813357
2018-08-31;Avianca;34053,6378514077;14564,932085406;53551,49090610888
2018-09-30;Avianca;33522,29517953092;12657,788763065575;53933,9937151623
2018-10-31;Avianca;35947,271462812474;14253,068173238145;56748,569050246246
2018-11-30;Avianca;38895,67388457945;20080,02642264567;59479,17026338066
2018-12-31;Avianca;39481,4831043537;19947,3592850993;59017,24633955852
2019-01-31;Avianca;41048,05272421958;21185,60774225374;61848,92319510286
2019-02-28;Avianca;33097,503873492504;13663,869643284102;53192,18475578642
2019-03-31;Avianca;36420,06223021384;15258,709472516493;56305,554378116525
2019-04-30;Avianca;33977,76426636694;13300,348793384466;54140,36959809903
2019-05-31;Avianca;36906,61800441927;17825,864396419838;57405,019515321874
2019-06-30;Avianca;27989,11369931221;7824,207065037898;46704,52460487755
2019-07-31;Avianca;28740,744361851004;9349,558432544769;50022,3432842037
2019-08-31;Avianca;28652,767146044273;8762,289849660932;49545,84600913053
2019-09-30;Avianca;28348,76593266439;8712,0026534137;47716,05459674154
2019-10-31;Avianca;32521,51562691149;13052,420423786209;51538,232060160415
2019-11-30;Avianca;35962,944035155095;15490,567805073248;55294,798246867555
2019-12-31;Avianca;35504,30882946981;14803,542548689138;55193,835226405725
2020-01-31;Avianca;37974,72132627342;18213,993828606497;59286,5273831944
2020-02-29;Avianca;37718,78148408824;17939,281491887967;56248,66555072822
2020-03-31;Avianca;33818,841660363396;14910,662899556184;53853,41347644126
2020-04-30;Avianca;28147,06932121599;8667,164338522645;48878,44428501153
2020-05-31;Avianca;22897,517117615207;4260,944362602566;42306,34057800969
2020-06-30;Avianca;25841,543197202463;5716,939813885973;46019,010595276166
2020-07-31;Avianca;26718,600779154673;6851,355539651772;46108,779356361876
2020-08-31;Avianca;27872,722064275415;8527,943900759437;48560,57382538519
2020-09-30;Avianca;27021,425343748815;6695,756298794758;48243,33525744279
2020-10-31;Avianca;25961,016820548277;4266,034390519168;44071,682210696585
2020-11-30;Avianca;27780,416286577514;8534,85143486381;46455,40467168964
2020-12-31;Avianca;30397,518711432167;10043,650297437029;50571,39055391186
2021-01-31;Avianca;30056,60275762681;9862,592333979133;47879,23323155389
2021-02-28;Avianca;30533,860745383503;11055,84282175351;49889,06841803906
2021-03-31;Avianca;28971,432922244134;9591,298897738878;49529,325168144474
2021-04-30;Avianca;24373,06402531775;5225,228215512746;44101,451502819335
2021-05-31;Avianca;21927,47146409024;1081,4393533999034;42991,99604006054
2021-06-30;Avianca;20973,468300235323;384,50004363101095;40782,29963057343
2021-07-31;Avianca;21773,628394711523;1291,3073756355816;40096,18362348744
2021-08-31;Avianca;22487,62040664645;3003,0327041535706;43024,75860223399
2021-09-30;Avianca;21775,166207801845;1516,2820536641386;40533,795363906254
2021-10-31;Avianca;22456,4935090905;2210,1127208444013;43136,4720587986
2021-11-30;Avianca;24865,335223468253;5990,099575086054;44522,1020802676
2021-12-31;Avianca;26478,328923374815;6161,885117049738;46427,57724190625
2022-01-31;Avianca;27109,302548703356;5950,545934467956;46513,632249510774
2022-02-28;Avianca;23350,770826722142;3254,050415999327;42406,96829870493
2022-03-31;Avianca;24197,33752538759;4843,250622843496;42438,55769218848
2022-04-30;Avianca;20676,938984123055;466,85129025754895;40379,48630755519
2022-05-31;Avianca;20958,846228097344;1297,0606076864747;39095,25539283868
2022-06-30;Avianca;16050,13682135679;-3637,5896609134306;35835,7153628083
2022-07-31;Avianca;16808,604278192135;-2947,2765647407628;36260,42961634097
2022-08-31;Avianca;17108,905106336348;-1783,4637490772436;36675,29501525674
2022-09-30;Avianca;16579,290628424067;-2161,2311230331666;35685,762605895
2022-10-31;Avianca;19006,05271215334;423,4246412222688;39725,557750100365
2022-11-30;Avianca;21956,183327709867;3352,093851777798;42408,52849338208
2022-12-31;Avianca;22543,778347717445;3556,7703726253917;43148,548624020914
2023-01-31;Avianca;24112,13376778054;3782,437854527338;43868,048791608366
2023-02-28;Avianca;16163,197897897551;-5340,296470321514;37520,98133986625
2023-03-31;Avianca;19487,54205529048;-935,396080181813;38534,58055031808
2023-04-30;Avianca;17046,972285669755;-3320,0228427491093;36777,82021015475
2023-05-31;Avianca;19977,611824394717;-368,8733206652093;39152,639201353464
2023-06-30;Avianca;11061,835713677392;-7953,847809043651;29717,223838945727
2023-07-31;Avianca;11815,252177117134;-7956,5783151748565;32896,59326218845
2023-08-31;Avianca;11729,060762136243;-8546,19877210765;30891,69585513811
2023-09-30;Avianca;11426,787743118824;-7511,610639684689;31113,262634554052
2023-10-31;Avianca;15601,32323820613;-5365,118061547806;35799,968052534925
2023-11-30;Avianca;19044,479839643387;-636,6061553306442;39840,34412969843
2023-12-31;Avianca;18587,63043358282;-936,026372036035;38940,37929357772
2024-01-31;Avianca;21059,828730002824;2547,865652404202;42132,322830178164
2024-02-29;Avianca;20805,53310119282;2234,9073396763233;40598,558807871836
2024-03-31;Avianca;16907,350884889307;-1806,0218805999014;35890,00429672481
2024-04-30;Avianca;11237,279456150016;-8755,16945153489;30697,32474987878
2024-05-31;Avianca;5989,467904500619;-13772,291263091052;25353,89114700147
2024-06-30;Avianca;8935,17848595831;-9402,106496399287;28496,940783955753
2024-07-31;Avianca;9813,935326121553;-10455,359655563369;29619,82917301836
2024-08-31;Avianca;10969,755869466855;-8493,786040639443;30118,736679845773
2024-09-30;Avianca;10120,10359240788;-9616,747907008525;30026,563892592632
2024-10-31;Avianca;9061,05346734571;-11184,124687703203;28580,50969532692
2024-11-30;Avianca;10881,767512234896;-8709,629633950271;31730,016966358846
2024-12-31;Avianca;13500,228335217576;-5990,288359105871;33071,2913661513
2017-01-31;Copa Airlines;36896,81388182099;10380,670850057788;62314,64887291892
2017-02-28;Copa Airlines;43489,67816534657;16849,838494016036;69409,14791385508
2017-03-31;Copa Airlines;42818,54819867408;15830,157288306698;68528,48218474422
2017-04-30;Copa Airlines;35040,683006057254;9387,085642624319;61470,11938816363
2017-05-31;Copa Airlines;31060,294436335746;4613,972482300593;55686,028372901164
2017-06-30;Copa Airlines;31739,213188236055;5884,30875226871;57388,87129226521
2017-07-31;Copa Airlines;34369,73075321765;8010,338386425451;61421,8022760384
2017-08-31;Copa Airlines;36441,502385215535;11349,692643982964;61954,49227514654
2017-09-30;Copa Airlines;35394,71079703148;9959,520511531824;61345,68930704712
2017-10-31;Copa Airlines;36184,54292613532;11391,800077352544;61566,371707072714
2017-11-30;Copa Airlines;34795,30426707798;7636,480935681039;61586,974184296254
2017-12-31;Copa Airlines;38859,93900095249;11527,661470686544;63981,753188697
2018-01-31;Copa Airlines;41030,73758368379;16954,965356397763;68151,39254122206
2018-02-28;Copa Airlines;38358,993870735794;12827,981288493673;63373,76172140651
2018-03-31;Copa Airlines;41541,71509077249;17098,576277554082;67192,15962589788
2018-04-30;Copa Airlines;36383,934695074604;11410,293731687867;61963,45844139526
2018-05-31;Copa Airlines;36919,06365648198;11752,470938965036;61850,66039377257
2018-06-30;Copa Airlines;32805,85671082698;6060,7558026980305;58391,59152383318
2018-07-31;Copa Airlines;34893,577631132226;10922,46599395908;61676,050487015855
2018-08-31;Copa Airlines;34710,830693586744;10533,710923288649;58489,026230342104
2018-09-30;Copa Airlines;34233,930999584976;11267,33835863515;59833,165056539496
2018-10-31;Copa Airlines;36754,06914968479;11155,092025616623;63850,52022151408
2018-11-30;Copa Airlines;37270,83033096248;13134,416656320289;62227,450791247196
2018-12-31;Copa Airlines;42117,904564451084;15010,196919010827;70963,01833925064
2019-01-31;Copa Airlines;45039,35705552584;18603,171811186607;70847,4405695298
2019-02-28;Copa Airlines;33175,55459406833;7588,900644711602;56890,908670462035
2019-03-31;Copa Airlines;40368,737091528754;13011,36541096813;65781,11660813265
2019-04-30;Copa Airlines;37858,66164819423;11674,536305592716;64092,65166952718
2019-05-31;Copa Airlines;42792,0609340621;17686,156552398013;67434,35926611035
2019-06-30;Copa Airlines;33776,99807131272;7201,710607859433;59484,201828724654
2019-07-31;Copa Airlines;35334,22717299843;10683,136617669727;60697,5688188935
2019-08-31;Copa Airlines;32942,54001906076;6948,106500987024;58271,03846852965
2019-09-30;Copa Airlines;33126,02936338543;5838,877817283344;58008,60749814688
2019-10-31;Copa Airlines;37408,43323925826;13211,732975489525;64090,33243713012
2019-11-30;Copa Airlines;39803,12700108526;16078,030786743979;65260,626016253555
2019-12-31;Copa Airlines;45368,17284995225;20175,720366474958;69916,93650301447
2020-01-31;Copa Airlines;48919,15436900207;22192,123485506443;74640,0143108055
2020-02-29;Copa Airlines;51631,45907467375;26072,071002429417;77592,7001631956
2020-03-31;Copa Airlines;47266,28374606236;23026,68812670233;74335,17492132634
2020-04-30;Copa Airlines;36901,787140725355;8854,568491771346;62012,04530891683
2020-05-31;Copa Airlines;28293,879028500276;3735,458179659065;54969,598327413245
2020-06-30;Copa Airlines;33650,81910513264;8348,646657627849;59739,901554823206
2020-07-31;Copa Airlines;36834,408564598816;9868,548468125653;62904,290147658176
2020-08-31;Copa Airlines;41203,992396711306;14611,116376360285;67321,06309253845
2020-09-30;Copa Airlines;39679,01168645496;14952,155826712613;65831,66111648637
2020-10-31;Copa Airlines;38774,01469553427;13298,871345263058;61396,110051938944
2020-11-30;Copa Airlines;35454,89696518888;9396,266642749833;60852,62169068444
2020-12-31;Copa Airlines;38674,82727908762;13831,676981799203;64803,29395905561
2021-01-31;Copa Airlines;39973,5728861955;14495,919286685059;67333,11063164598
2021-02-28;Copa Airlines;46567,131306658244;20498,775314894694;72186,01616898668
2021-03-31;Copa Airlines;45896,76984880452;20051,63986699152;71348,15144446355
2021-04-30;Copa Airlines;38119,71676560493;11514,457936643006;63877,984631811676
2021-05-31;Copa Airlines;34140,16737557353;8187,90504045209;58350,20538238842
2021-06-30;Copa Airlines;34819,92270665317;8794,857063372097;62005,37094866478
2021-07-31;Copa Airlines;37451,304736765596;12324,556767557338;61369,72892302472
2021-08-31;Copa Airlines;39523,94083396817;13481,586497824293;66007,076557112
2021-09-30;Copa Airlines;38478,172243628105;12803,6464211722;65038,32732184604
2021-10-31;Copa Airlines;39269,06147047847;13013,621590637467;64473,39605279345
2021-11-30;Copa Airlines;37880,845809289516;14236,957093762972;64307,34741562779
2021-12-31;Copa Airlines;41946,77616812643;17276,16611723489;66826,23888895639
2022-01-31;Copa Airlines;44118,87037588382;19226,66240986849;70763,93258841806
2022-02-28;Copa Airlines;41448,296904797426;16683,458584736396;67139,84501509121
2022-03-31;Copa Airlines;44632,31375097209;18428,882269026755;71032,79824910876
2022-04-30;Copa Airlines;39475,787186948844;14085,026406338131;66875,87130281805
2022-05-31;Copa Airlines;40012,25214991314;16511,157778273333;65399,83714188579
2022-06-30;Copa Airlines;35900,33810898058;8415,502504233225;60291,11064952983
2022-07-31;Copa Airlines;37989,39503076713;11614,752028494975;65147,63584975316
2022-08-31;Copa Airlines;37807,98409484248;11827,556611437778;62544,44802122938
2022-09-30;Copa Airlines;37332,377305547205;10382,014125222287;63117,536916451274
2022-10-31;Copa Airlines;39853,85145721726;13116,506197932855;65129,855949459314
2022-11-30;Copa Airlines;40371,90554326062;14136,878199230878;64477,93581036497
2022-12-31;Copa Airlines;45220,31577836796;18366,3783878716;72549,13001067136
2023-01-31;Copa Airlines;48143,10427099291;22599,09214607221;72902,0032113697
2023-02-28;Copa Airlines;36280,50852066609;9782,224103053744;60466,8290978845
2023-03-31;Copa Airlines;43475,02701958129;17106,936043423942;68744,57929906559
2023-04-30;Copa Airlines;40966,244480943664;14859,146840776957;67408,85183831821
2023-05-31;Copa Airlines;45900,97976828146;20381,44311614571;69457,09220875244
2023-06-30;Copa Airlines;36887,209810125016;10556,368385007958;64302,14602559008
2023-07-31;Copa Airlines;38445,77491324722;13212,44924934298;63650,66571280898
2023-08-31;Copa Airlines;36055,42376046672;10658,070724758478;61885,7377239145
2023-09-30;Copa Airlines;36240,20600916324;10121,746759366568;60527,39607943452
2023-10-31;Copa Airlines;40523,94588622264;15059,032674041111;65696,44488792238
2023-11-30;Copa Airlines;42919,93253548721;16822,03485253327;68931,21275498791
2023-12-31;Copa Airlines;48486,31436803485;22282,15320851798;72821,27071873781
2024-01-31;Copa Airlines;52038,63187072145;26939,592874460464;78694,73591854112
2024-02-29;Copa Airlines;54752,18514366634;28663,632215447567;81352,26902187969
2024-03-31;Copa Airlines;50388,34449043006;25677,360900450218;75829,28433852727
2024-04-30;Copa Airlines;40025,13950644368;16858,91641287881;63850,25508666241
2024-05-31;Copa Airlines;31418,2222367214;6793,389668252012;58791,150142960796
2024-06-30;Copa Airlines;36776,12119318753;10940,270727496234;62257,59049961471
2024-07-31;Copa Airlines;39960,40430295983;14027,193811993408;63700,85440062326
2024-08-31;Copa Airlines;44330,68178540011;18849,585509916004;71579,39742171526
2024-09-30;Copa Airlines;42806,372349702084;18347,11321268038;69544,85299809936
2024-10-31;Copa Airlines;41901,99135043567;14578,425006195761;68451,92073289455
2024-11-30;Copa Airlines;38583,469741094;12809,068692858717;63538,767104597886
2024-12-31;Copa Airlines;41804,016046627265;17546,751508820238;67280,8615714784
2018-01-31;Flybondi;14152,453074899844;-78034,38053469668;116082,56262246854
2018-02-28;Flybondi;7928,297968561033;-90287,94518167178;104767,67816511862
2018-03-31;Flybondi;18961,614702940726;-73846,49314778228;110552,40959762443
2018-04-30;Flybondi;6231,427764051838;-93257,15513231086;97875,04268631853
2018-05-31;Flybondi;-2402,4201241528717;-90291,28160259953;90848,04342712456
2018-06-30;Flybondi;-1344,3043774920225;-98202,30051899824;87020,52408460197
2018-07-31;Flybondi;16233,912176792293;-70244,32957299538;105091,15189271052
2018-08-31;Flybondi;34878,93861707754;-59150,407760443464;134710,14158927262
2018-09-30;Flybondi;27789,782478747642;-64985,60528040502;126875,0784306243
2018-10-31;Flybondi;46086,70196557105;-43738,10401765878;138364,88938677145
2018-11-30;Flybondi;44509,7741678713;-47398,66577075966;139466,77104571328
2018-12-31;Flybondi;58086,62133337165;-41327,39686547346;147878,7405099372
2019-01-31;Flybondi;64240,15089572892;-24977,35131515472;159263,254687997
2019-02-28;Flybondi;36187,72379041933;-51581,064309548296;126921,40929518874
2019-03-31;Flybondi;64272,678470406696;-33330,80597186408;155274,18137592738
2019-04-30;Flybondi;60484,23333108545;-32286,870669838914;153363,0938722412
2019-05-31;Flybondi;52879,96702896946;-43561,60677402133;136916,64182168667
2019-06-30;Flybondi;40842,17074225931;-52156,73848053628;131551,68915506176
2019-07-31;Flybondi;62994,817188733316;-29979,247060779355;149866,56643743665
2019-08-31;Flybondi;78525,93846963874;-15270,862145261544;171457,84301913512
2019-09-30;Flybondi;62922,041020013334;-33645,88073949208;161668,90755534646
2019-10-31;Flybondi;96985,30478927951;-1813,956433286843;194247,4719501273
2019-11-30;Flybondi;95764,17924525279;4994,754658397539;190424,7751289701
2019-12-31;Flybondi;112379,05355666617;17639,77155007486;205694,86169714655
2020-01-31;Flybondi;113932,99633561041;19097,85304407319;206120,9495405782
2020-02-29;Flybondi;136360,50516479366;41798,465707511015;226849,6914486086
2020-03-31;Flybondi;114475,85576435075;23111,568668681804;198619,18087496414
2020-04-30;Flybondi;83322,35427595896;-8845,008380411737;175052,44963851696
2020-05-31;Flybondi;71615,15874226521;-18162,088684411796;159604,249536245
2020-06-30;Flybondi;98669,22791043956;6478,33074727678;194282,2819192185
2020-07-31;Flybondi;107362,72988646654;6841,468407663159;196029,43784097247
2020-08-31;Flybondi;132079,66306812124;40792,22585218009;223105,3990105974
2020-09-30;Flybondi;142971,73992468353;48749,388632444665;232172,5156300842
2020-10-31;Flybondi;130148,21345603585;33795,94057422288;221526,77263252944
2020-11-30;Flybondi;127251,61609024994;31362,66692524031;218488,6686137968
2020-12-31;Flybondi;134117,30983153003;40744,01709753297;221785,44667093948
2021-01-31;Flybondi;148658,20041089717;50592,21235527551;244188,4909745234
2021-02-28;Flybondi;164673,27098463057;74775,92703853459;259220,6875337239
2021-03-31;Flybondi;159053,5746865891;68143,59719825714;256652,94608942917
2021-04-30;Flybondi;137207,2362489318;40038,47869544915;232228,50307836707
2021-05-31;Flybondi;127216,83620704395;39844,22673386952;219577,6878076238
2021-06-30;Flybondi;141323,89733759142;57649,50827138707;231768,8941400897
2021-07-31;Flybondi;154429,65324570108;62893,88267750396;250752,99688214215
2021-08-31;Flybondi;176154,52205924064;80955,55992247463;271827,65011643973
2021-09-30;Flybondi;177914,65863023562;81512,19607437446;267898,4067217887
2021-10-31;Flybondi;180592,7698629422;85922,20665444639;271808,74373936985
2021-11-30;Flybondi;178470,6876202315;83317,49672763074;266482,1846073477
2021-12-31;Flybondi;188813,17252224014;96366,18561396247;282772,66736761533
2022-01-31;Flybondi;199314,47407697234;105149,60127993803;290548,5164529686
2022-02-28;Flybondi;193107,14697438193;112017,42277037613;286142,84496046556
2022-03-31;Flybondi;204159,0947132914;105200,21165154836;290884,41306668276
2022-04-30;Flybondi;191448,051825744;102252,83718209932;289260,16290664725
2022-05-31;Flybondi;182833,9861239092;91978,5009175338;272807,62506181304
2022-06-30;Flybondi;183911,338124034;95556,81151908288;273369,3766371937
2022-07-31;Flybondi;201509,43214671646;110117,80684247485;295317,4589853429
2022-08-31;Flybondi;220175,40948716024;126209,50187502109;311455,01601644757
2022-09-30;Flybondi;213106,5284040835;120939,9355916982;303816,1861730752
2022-10-31;Flybondi;231424,39878150172;136263,90073428748;327068,2585499151
2022-11-30;Flybondi;229867,74605377385;128459,97846574734;321953,81805767404
2022-12-31;Flybondi;243465,54412506393;155183,72524067256;334325,7284339437
2023-01-31;Flybondi;249640,02461429546;157641,99882818726;345274,81734696985
2023-02-28;Flybondi;221606,52093049296;130183,25699841125;317558,26853664574
2023-03-31;Flybondi;249712,42654140864;155423,15089266116;349758,1880081903
2023-04-30;Flybondi;245944,2564913044;155823,52116261807;335681,66871048085
2023-05-31;Flybondi;238360,9411145073;146333,378416056;331394,4792518425
2023-06-30;Flybondi;226343,41991688003;132676,2400258812;316972,6444005661
2023-07-31;Flybondi;248517,01727289415;159315,36769789198;343264,1812627913
2023-08-31;Flybondi;264069,0894632812;171882,73833293287;354986,93070755544
2023-09-30;Flybondi;248485,46706843955;156471,33134495956;344367,37420256325
2023-10-31;Flybondi;282569,6817277585;193147,24637518832;380957,51455108233
2023-11-30;Flybondi;281368,42067578394;187589,46048916416;369941,1427196964
2023-12-31;Flybondi;298003,8216289441;211293,60964537604;392064,3301232493
2024-01-31;Flybondi;299578,291049516;211858,62768873494;388542,15778769035
2024-02-29;Flybondi;322024,8508941336;232574,41565145337;421567,5634086027
2024-03-31;Flybondi;300160,5663723495;206594,5989993539;391408,53749110445
2024-04-30;Flybondi;269025,4429243878;177086,3502341534;364123,90321148036
2024-05-31;Flybondi;257337,23803242185;168333,65024586619;354207,7835255261
2024-06-30;Flybondi;284409,28845207137;190537,5052660039;375510,4519071835
2024-07-31;Flybondi;293121,37105469045;203348,84056090488;385953,5630687512
2024-08-31;Flybondi;317856,8848629251;233870,8659982601;415776,17899874796
2024-09-30;Flybondi;328765,2030238209;236212,12186851434;415960,91182822676
2024-10-31;Flybondi;315958,4592361257;225599,56749250146;413593,9763754148
2024-11-30;Flybondi;313075,76804083865;224940,9763413864;402950,3069426003
2024-12-31;Flybondi;319955,83149144956;227946,28191989925;404274,6433093373
2017-01-31;Gol Transportes Aéreos;93454,83505246975;49437,93725896563;138187,28608249177
2017-02-28;Gol Transportes Aéreos;107782,34803519727;68530,78024083826;151197,5857378661
2017-03-31;Gol Transportes Aéreos;101203,01530242349;61520,53092333984;144837,68772144313
2017-04-30;Gol Transportes Aéreos;83509,20088897324;40601,57791141496;125923,0390990559
2017-05-31;Gol Transportes Aéreos;66954,96143545938;26799,90085142162;110753,8312122052
2017-06-30;Gol Transportes Aéreos;65690,98406073643;25553,90196377958;107641,31132629456
2017-07-31;Gol Transportes Aéreos;82065,97292723073;42030,49238256386;125227,46019108282
2017-08-31;Gol Transportes Aéreos;82329,68177184885;40436,28457172431;123460,03293559613
2017-09-30;Gol Transportes Aéreos;84213,4752766258;42906,20051779911;123602,4911071834
2017-10-31;Gol Transportes Aéreos;83420,04500378556;37769,00620843236;126250,42015249406
2017-11-30;Gol Transportes Aéreos;79272,31927029543;35905,57856509806;118737,43277124137
2017-12-31;Gol Transportes Aéreos;81157,35357084205;40793,619786864976;126027,38789920142
2018-01-31;Gol Transportes Aéreos;97814,72076120636;57293,60352736328;139640,92034040776
2018-02-28;Gol Transportes Aéreos;83902,50120941606;41773,323018943054;126498,44024893167
2018-03-31;Gol Transportes Aéreos;86967,48542703073;44867,73881811406;126964,90105585408
2018-04-30;Gol Transportes Aéreos;75475,87273885994;32764,791089821618;113095,56871432233
2018-05-31;Gol Transportes Aéreos;64744,15246282644;25512,555939842867;108867,8815181549
2018-06-30;Gol Transportes Aéreos;59427,13771182991;18250,550505872103;104954,10581730916
2018-07-31;Gol Transportes Aéreos;74952,22747729246;34427,47090052106;113955,97768544783
2018-08-31;Gol Transportes Aéreos;70559,32096219203;29820,518364414267;113868,73178250498
2018-09-30;Gol Transportes Aéreos;69558,51620683192;29647,117454155894;110078,36242705239
2018-10-31;Gol Transportes Aéreos;71729,47143893913;28422,310539368085;114086,02693475591
2018-11-30;Gol Transportes Aéreos;70615,74115992294;28266,376433790178;115928,1411871566
2018-12-31;Gol Transportes Aéreos;78083,98942393398;37443,725712846855;122907,48318048121
2019-01-31;Gol Transportes Aéreos;101903,38081702321;60702,04281160961;142603,93865780765
2019-02-28;Gol Transportes Aéreos;59808,147016747964;16297,853010703615;101508,10089054877
2019-03-31;Gol Transportes Aéreos;72934,46784615108;31877,922103113346;116666,70259344327
2019-04-30;Gol Transportes Aéreos;67694,91816697041;25386,532830864297;107441,05974414125
2019-05-31;Gol Transportes Aéreos;62623,17134308177;16156,545515958705;103859,13466803466
2019-06-30;Gol Transportes Aéreos;53067,76221701855;11036,212189423191;95944,90208529813
2019-07-31;Gol Transportes Aéreos;67672,1002377744;28549,588549919386;109804,68937893985
2019-08-31;Gol Transportes Aéreos;58632,14617117282;17246,82931041899;99319,3833487878
2019-09-30;Gol Transportes Aéreos;54917,86580424187;13389,300239832879;96311,20678909292
2019-10-31;Gol Transportes Aéreos;60187,557100064754;18592,599411950774;103387,32376108144
2019-11-30;Gol Transportes Aéreos;62163,89150392842;22405,8818501326;101346,20034976654
2019-12-31;Gol Transportes Aéreos;75147,79265218951;32382,712442201224;116904,5194984609
2020-01-31;Gol Transportes Aéreos;105706,91351478864;65286,19954389113;150455,72694415483
2020-02-29;Gol Transportes Aéreos;95244,63492497943;54929,1709876498;135534,76325684815
2020-03-31;Gol Transportes Aéreos;79445,07990453271;36049,966007038674;124403,55406532963
2020-04-30;Gol Transportes Aéreos;55611,63377005626;16499,340705746814;95185,43882550628
2020-05-31;Gol Transportes Aéreos;33081,782991650245;-7990,882643668177;75214,17840955994
2020-06-30;Gol Transportes Aéreos;35683,86066198282;-5656,367078752929;76423,20601196642
2020-07-31;Gol Transportes Aéreos;52835,762783922924;9470,31504534906;94946,92155911047
2020-08-31;Gol Transportes Aéreos;57760,24058109527;15544,36136144531;100347,53941349375
2020-09-30;Gol Transportes Aéreos;62696,97792648303;21257,403988741054;101419,15948521267
2020-10-31;Gol Transportes Aéreos;59079,510853774394;22699,16215078455;101461,5188856093
2020-11-30;Gol Transportes Aéreos;51963,10196361361;11259,551156414209;94692,79958629061
2020-12-31;Gol Transportes Aéreos;48208,500555917664;6441,829811092937;89776,01904062515
2021-01-31;Gol Transportes Aéreos;57288,06080387453;15647,820326852414;100719,1773471896
2021-02-28;Gol Transportes Aéreos;71618,58962902843;30765,411048688144;110044,2291056473
2021-03-31;Gol Transportes Aéreos;65042,59586482424;24074,786279997108;105328,03939566303
2021-04-30;Gol Transportes Aéreos;47353,06256843862;7238,102508153593;85716,92793140365
2021-05-31;Gol Transportes Aéreos;30803,24693639541;-10761,712553732505;71233,0655919472
2021-06-30;Gol Transportes Aéreos;29544,48791388038;-11086,815723311984;70082,29584408987
2021-07-31;Gol Transportes Aéreos;45924,86907759059;2926,6224066771665;86529,4362720629
2021-08-31;Gol Transportes Aéreos;46193,97021847538;3082,7833501635173;87685,48039968566
2021-09-30;Gol Transportes Aéreos;48083,61660588921;6577,008561134845;88342,54612804798
2021-10-31;Gol Transportes Aéreos;47296,23431143192;4523,227821826483;88543,40240073872
2021-11-30;Gol Transportes Aéreos;43154,36146033957;2989,1712219045426;87232,8448016959
2021-12-31;Gol Transportes Aéreos;45045,58619694064;5145,010270720755;85922,51581068784
2022-01-31;Gol Transportes Aéreos;61709,14382361974;22234,7529764394;101683,47364918943
2022-02-28;Gol Transportes Aéreos;47802,5156334308;6429,80601349633;87283,48709002715
2022-03-31;Gol Transportes Aéreos;50874,512064314535;6216,142486852817;89665,09983751507
2022-04-30;Gol Transportes Aéreos;39389,685390051636;-186,31389574271844;81602,99791073745
2022-05-31;Gol Transportes Aéreos;28665,229488674242;-13069,09488550913;70872,28932995646
2022-06-30;Gol Transportes Aéreos;23355,244777713902;-16734,469039239382;68387,11835586453
2022-07-31;Gol Transportes Aéreos;38887,5989183853;-3695,152367953032;79048,52528469726
2022-08-31;Gol Transportes Aéreos;34501,972659894556;-6074,6723582377745;74429,15276819438
2022-09-30;Gol Transportes Aéreos;33508,213313021435;-6319,174239699492;74227,93451199512
2022-10-31;Gol Transportes Aéreos;35686,44880065786;-3773,2744258050416;77695,8744769004
2022-11-30;Gol Transportes Aéreos;34579,763932701004;-8190,812918642668;77917,45002189753
2022-12-31;Gol Transportes Aéreos;42055,292453546004;1580,6055791529154;80453,30035924398
2023-01-31;Gol Transportes Aéreos;65881,96410330958;21336,78789356555;107909,21814523208
2023-02-28;Gol Transportes Aéreos;23793,306018940617;-19368,5928410781;66605,32343324918
2023-03-31;Gol Transportes Aéreos;36926,90710550621;-6969,305731826893;77400,95085038572
2023-04-30;Gol Transportes Aéreos;31694,402836631456;-11542,352190250718;72949,72974082397
2023-05-31;Gol Transportes Aéreos;26629,9362699356;-12809,72984788562;67817,08651515144
2023-06-30;Gol Transportes Aéreos;17081,57255328163;-25959,711285443198;60581,79502289308
2023-07-31;Gol Transportes Aéreos;31693,190830394786;-10276,306663834235;72400,77546234877
2023-08-31;Gol Transportes Aéreos;22660,517019051462;-19145,469076334237;63269,72488668846
2023-09-30;Gol Transportes Aéreos;18953,28206043454;-23625,075182984518;63644,05600675427
2023-10-31;Gol Transportes Aéreos;24230,253611558262;-15473,640346991242;65158,52518197209
2023-11-30;Gol Transportes Aéreos;26213,28710581085;-17748,76086742932;70476,66328968547
2023-12-31;Gol Transportes Aéreos;39204,11064752838;-180,1111617456746;78012,41847162678
2024-01-31;Gol Transportes Aéreos;69770,15390340713;30404,138292526917;113871,29074716703
2024-02-29;Gol Transportes Aéreos;59314,22701287329;14653,476300543358;101440,26073897436
2024-03-31;Gol Transportes Aéreos;43521,46173986886;-215,62925858062914;83119,54232893564
2024-04-30;Gol Transportes Aéreos;19694,586328809164;-23278,084565296347;58738,083340868296
2024-05-31;Gol Transportes Aéreos;-2829,4769206243873;-44636,866578549576;40337,07063092878
2024-06-30;Gol Transportes Aéreos;-221,79841572009536;-42932,989878896246;40277,70527435986
2024-07-31;Gol Transportes Aéreos;16935,773114061834;-23980,17335380011;57373,464559737535
2024-08-31;Gol Transportes Aéreos;21865,92031911594;-15556,427287291208;65166,284267973315
2024-09-30;Gol Transportes Aéreos;26808,14418834298;-12966,349177867774;67939,48669902874
2024-10-31;Gol Transportes Aéreos;23195,64090491026;-17694,196377322733;67342,16774096836
2024-11-30;Gol Transportes Aéreos;16084,035681934445;-25835,939878846042;60126,7351795662
2024-12-31;Gol Transportes Aéreos;12334,398063523213;-30273,04352425611;49356,97191332849
2018-12-31;JetSMART Airlines;-3057,3807282163907;-60502,85450747748;50483,3506306973
2019-01-31;JetSMART Airlines;7973,32450731231;-45116,52956792135;62028,89034517538
2019-02-28;JetSMART Airlines;-13469,889217007312;-67814,91856215459;40211,39558081242
2019-03-31;JetSMART Airlines;-7340,7050490486745;-64908,48534252583;52092,71031235737
2019-04-30;JetSMART Airlines;-9651,184721625072;-66064,09762059725;53365,64927784341
2019-05-31;JetSMART Airlines;-6806,668674947179;-62372,311930768345;51436,205671096024
2019-06-30;JetSMART Airlines;-11164,273629214647;-67327,44466839811;47584,480458369966
2019-07-31;JetSMART Airlines;31244,475666897102;-25709,338825708906;89339,04264881583
2019-08-31;JetSMART Airlines;21346,17763353498;-34772,654479596276;79779,40490046953
2019-09-30;JetSMART Airlines;16917,051949730747;-37692,07431970729;71841,89525979124
2019-10-31;JetSMART Airlines;33134,63485951314;-22114,147577064516;85096,46659078597
2019-11-30;JetSMART Airlines;42436,10504151309;-16739,834506832263;94022,61505943698
2019-12-31;JetSMART Airlines;51670,333473286104;-2181,4954702815135;107019,16123312003
2020-01-31;JetSMART Airlines;58860,16693880927;502,26252717534584;117656,41402557479
2020-02-29;JetSMART Airlines;61538,56957883473;4805,031617969508;115830,07588472315
2020-03-31;JetSMART Airlines;46947,72988342628;-9990,9463006741;99311,30055673585
2020-04-30;JetSMART Airlines;19659,091613735553;-37098,92684629573;75394,58470728778
2020-05-31;JetSMART Airlines;41671,38074236475;-15980,999061186569;100668,07086443834
2020-06-30;JetSMART Airlines;49485,00916490985;-7029,851325962527;107467,12231133609
2020-07-31;JetSMART Airlines;65668,91599212393;7884,762796631817;120622,93483757388
2020-08-31;JetSMART Airlines;80768,4920508919;25956,828662014344;136391,11658853563
2020-09-30;JetSMART Airlines;83312,7177766869;30448,11125137488;143174,94448960386
2020-10-31;JetSMART Airlines;84098,64246042461;23621,201667560475;138754,99706187626
2020-11-30;JetSMART Airlines;79553,78094050604;25811,7170858255;132698,54214504722
2020-12-31;JetSMART Airlines;88921,236804549;34141,44823746462;147463,7423929357
2021-01-31;JetSMART Airlines;107304,1698644135;51864,62339059986;161362,0857781079
2021-02-28;JetSMART Airlines;103780,9651677132;48076,350208074946;163464,19592145708
2021-03-31;JetSMART Airlines;95893,96841400155;36710,74721057617;151627,98888075358
2021-04-30;JetSMART Airlines;77090,25851751686;19004,428248337623;138120,08022661967
2021-05-31;JetSMART Airlines;92890,15849342832;37830,696698686;150439,57104085456
2021-06-30;JetSMART Airlines;96527,13080572947;40699,15278530496;151367,9521316082
2021-07-31;JetSMART Airlines;121520,06670983134;67900,06062834318;176398,41930392326
2021-08-31;JetSMART Airlines;128389,32129035998;73132,89695313557;186024,82609911362
2021-09-30;JetSMART Airlines;128413,61485188069;71910,6034542158;181297,76748821212
2021-10-31;JetSMART Airlines;134239,79088219127;78657,04184386913;190779,2291342885
2021-11-30;JetSMART Airlines;134409,4049766311;77962,17820990646;188562,2858274918
2021-12-31;JetSMART Airlines;143909,13100128304;86957,25238824637;203379,80489438408
2022-01-31;JetSMART Airlines;158681,7580248371;105871,61168907197;217343,42339385452
2022-02-28;JetSMART Airlines;146095,39817391487;84926,52316633718;202850,2226989374
2022-03-31;JetSMART Airlines;145123,58757417067;90571,9108087782;198801,10704617517
2022-04-30;JetSMART Airlines;134655,22699876694;78957,74410491798;197049,48050878776
2022-05-31;JetSMART Airlines;144069,9665022121;86959,44375672686;197935,81002040778
2022-06-30;JetSMART Airlines;143652,80226071755;84129,79565363062;195026,28668244748
2022-07-31;JetSMART Airlines;177394,12226140522;119458,41358299373;233947,67483093758
2022-08-31;JetSMART Airlines;175930,24192687127;120384,08092718045;228149,9931046264
2022-09-30;JetSMART Airlines;173631,79918615916;116743,91971004529;231855,59966535275
2022-10-31;JetSMART Airlines;184606,00249059446;128989,40816016008;241755,0579998211
2022-11-30;JetSMART Airlines;189395,87761816155;129661,99345735773;248847,3269545741
2022-12-31;JetSMART Airlines;198852,80683592567;138166,62022270734;258194,69678927955
2023-01-31;JetSMART Airlines;209893,882405909;154160,42494842873;265023,4655802064
2023-02-28;JetSMART Airlines;188460,03543502733;130597,51505258221;242831,64763925172
2023-03-31;JetSMART Airlines;194599,5899380722;138487,8137218864;250211,6634020468
2023-04-30;JetSMART Airlines;192299,14607665184;137507,28594074646;247763,76291164648
2023-05-31;JetSMART Airlines;195154,03246372836;138784,06137997212;249832,1859793161
2023-06-30;JetSMART Airlines;190806,46332280958;134583,70740033014;247547,4354098151
2023-07-31;JetSMART Airlines;233225,58296197208;177315,9616628361;292215,18551582564
2023-08-31;JetSMART Airlines;223337,65527161967;165146,12102072852;278687,6077641841
2023-09-30;JetSMART Airlines;218918,56540020352;161807,34731238006;276568,5534595541
2023-10-31;JetSMART Airlines;235146,5186495174;179856,75777718442;288394,559957568
2023-11-30;JetSMART Airlines;244458,02464241334;189247,7389777353;301157,33487070724
2023-12-31;JetSMART Airlines;253702,62341210767;195801,92681705637;308897,44544137886
2024-01-31;JetSMART Airlines;260902,82721447016;202603,57849721008;314158,45880325936
2024-02-29;JetSMART Airlines;263590,93113738473;206695,3171072473;319417,7137828912
2024-03-31;JetSMART Airlines;249010,46177478987;194575,1517541544;305855,60908415954
2024-04-30;JetSMART Airlines;221731,8593111349;168255,1843400622;276546,84514138196
2024-05-31;JetSMART Airlines;243754,25873144614;186978,552916126;297207,3205403009
2024-06-30;JetSMART Airlines;251577,67130721002;195268,75098419376;307066,1971675811
2024-07-31;JetSMART Airlines;267771,2811082425;216470,26107603504;325300,90670970146
2024-08-31;JetSMART Airlines;282880,5601407703;228697,99894012857;339329,47773296846
2024-09-30;JetSMART Airlines;285432,07298895065;231083,165974991;341160,6037537045
2024-10-31;JetSMART Airlines;286225,52769907087;229177,08440131595;342917,26894354686
2024-11-30;JetSMART Airlines;281686,55151070503;224998,68407777935;339618,592553137
2024-12-31;JetSMART Airlines;291060,0888839379;237094,62148349258;345791,1869980823
2017-01-31;LATAM;614315,6542999255;463851,6137213679;756562,4744208014
2017-02-28;LATAM;668537,5609929935;509625,57727244345;829801,6394467611
2017-03-31;LATAM;629778,7285911741;470882,2249739208;771458,9819203599
2017-04-30;LATAM;549599,9615952179;380041,92533991975;701442,9482947845
2017-05-31;LATAM;504264,60788112774;342161,22457992815;663570,214486436
2017-06-30;LATAM;505231,43174999696;352450,43114263786;662643,1690291355
2017-07-31;LATAM;567511,1072340481;416078,48480254883;733084,7908292856
2017-08-31;LATAM;568259,5486813039;416583,2734409403;730134,9609068049
2017-09-30;LATAM;556978,0566219237;399608,422345744;709031,0357749374
2017-10-31;LATAM;559655,3273338448;411523,14321343816;718628,8739516136
2017-11-30;LATAM;546995,614629667;376283,3500454428;695771,4027585766
2017-12-31;LATAM;532473,4271306156;385255,88407751115;688606,958040987
2018-01-31;LATAM;552554,0058487778;391566,85013508913;709352,172894419
2018-02-28;LATAM;514210,7913334951;358133,721569691;661674,5050201963
2018-03-31;LATAM;508190,77746750263;359395,76039331284;673308,8872826883
2018-04-30;LATAM;448367,8303431674;304735,8160098014;610597,9377057848
2018-05-31;LATAM;426070,90110103996;272016,48230343993;571076,5057124137
2018-06-30;LATAM;408931,71254371665;244514,64693222332;560843,3751747257
2018-07-31;LATAM;478452,5811239663;324974,21017715835;634976,0213657236
2018-08-31;LATAM;452509,5075748004;297167,56153154897;615722,170426779
2018-09-30;LATAM;430328,87083725125;270034,6577621191;577653,5118101762
2018-10-31;LATAM;445222,9479732706;292735,9019447867;600088,3696642498
2018-11-30;LATAM;446869,29343087936;292371,498183483;604216,7042471683
2018-12-31;LATAM;456986,73052679974;298794,54727899923;600292,0767229093
2019-01-31;LATAM;489748,68988991075;327743,90776698885;639572,7049720046
2019-02-28;LATAM;359168,96183581953;204638,22369485532;515401,48523466993
2019-03-31;LATAM;387300,44766516436;239140,97270988778;546308,929594346
2019-04-30;LATAM;348051,15478909446;187015,55668965544;499813,7757132821
2019-05-31;LATAM;348206,28358554037;195786,3664067807;511515,0762812207
2019-06-30;LATAM;312372,3123934692;157932,73392790955;467519,50018600095
2019-07-31;LATAM;388771,9108520028;235362,02213721725;542246,4960036565
2019-08-31;LATAM;336051,38294107845;181516,2654025481;488160,9210168195
2019-09-30;LATAM;303744,4520388198;139504,3855104784;464072,7147122957
2019-10-31;LATAM;331418,656783149;187698,11653013423;482584,99167078745
2019-11-30;LATAM;347566,5909159327;196858,99515563977;504250,72207186464
2019-12-31;LATAM;381880,55087919673;225935,99098656297;541573,4662003509
2020-01-31;LATAM;425851,50248072145;275787,9240346307;581971,2079769487
2020-02-29;LATAM;408304,69557694456;246146,95105467748;559969,2371951246
2020-03-31;LATAM;338242,51170814096;187835,6371674607;496920,01434474165
2020-04-30;LATAM;237967,80735744827;88198,20160957298;401013,48837887915
2020-05-31;LATAM;169037,7237050498;30200,217877239065;318801,2948597645
2020-06-30;LATAM;187510,08377785882;33234,05323041987;344523,2151232892
2020-07-31;LATAM;242181,7362951226;84986,57830705863;394046,8105109151
2020-08-31;LATAM;269502,391554095;116446,14939398224;418810,3102278517
2020-09-30;LATAM;269875,3574737853;127555,77273907217;435695,538184263
2020-10-31;LATAM;260917,7504718753;115776,58854207979;414262,9332322465
2020-11-30;LATAM;234182,24246678557;82987,73977931809;390856,7517468338
2020-12-31;LATAM;194615,4230846384;32221,501505172422;344361,54758277675
2021-01-31;LATAM;200548,60551377165;45657,71335390589;359938,77097142674
2021-02-28;LATAM;254775,21787692586;97831,08251910411;408047,1806408632
2021-03-31;LATAM;216021,5953247228;61489,536294580204;368508,68735957396
2021-04-30;LATAM;139543,12961679004;-13628,518927517816;300003,36796196556
2021-05-31;LATAM;98031,41993317439;-61747,80528189482;250356,244836313
2021-06-30;LATAM;102703,54900573676;-55668,293655364156;258000,61654938848
2021-07-31;LATAM;168812,0398665644;15308,894934366801;318049,73450002965
2021-08-31;LATAM;173389,29727799623;22046,476135093566;327994,7871072529
2021-09-30;LATAM;165817,03518081445;5357,751092364167;314551,6734781784
2021-10-31;LATAM;172327,1756735848;11806,895468072662;311590,9213316597
2021-11-30;LATAM;163376,69178989105;-2752,0938151021064;318186,2112035586
2021-12-31;LATAM;152692,1602917111;-4541,81373991932;303948,91998581885
2022-01-31;LATAM;176610,3955537783;24246,654333868068;336102,0804354377
2022-02-28;LATAM;141733,45146441017;-5316,241117179769;297708,4741861678
2022-03-31;LATAM;139551,51383809024;-19567,174353334285;281756,8705257173
2022-04-30;LATAM;83442,83397886621;-73710,44708121558;252165,00299364846
2022-05-31;LATAM;64983,9906033693;-86494,00925664755;215438,64805436437
2022-06-30;LATAM;51559,0786912131;-104943,87123844396;210839,3448196794
2022-07-31;LATAM;124918,03447460884;-32813,59891814391;275164,65972564096
2022-08-31;LATAM;102813,41106908766;-43335,52174425325;270203,5383690921
2022-09-30;LATAM;84347,40350408314;-66795,9571202702;236976,53836686545
2022-10-31;LATAM;103079,93078549157;-42987,207081495675;266516,51512990164
2022-11-30;LATAM;108440,97443477387;-47696,316236282204;266536,0563323639
2022-12-31;LATAM;122396,93160141128;-30654,331098659382;288579,29045325774
2023-01-31;LATAM;158997,41103465634;2842,6433452477404;317411,83887641964
2023-02-28;LATAM;31884,733367166875;-121604,01272040082;186431,25447592486
2023-03-31;LATAM;63854,73967668847;-101874,84224470641;217218,86647678053
2023-04-30;LATAM;28320,14403994677;-133751,15187299243;188357,9441000138
2023-05-31;LATAM;32313,79331664939;-129084,28515125599;183702,93552618357
2023-06-30;LATAM;194,52037101775932;-143022,33735424094;156714,22834088773
2023-07-31;LATAM;80432,64035082854;-67761,78918753668;239857,6214976632
2023-08-31;LATAM;31550,63232025603;-124578,19362955735;185738,08832276054
2023-09-30;LATAM;2958,3980763987347;-145769,2965305517;158482,56011275065
2023-10-31;LATAM;34471,12270129309;-120446,47535043936;203906,71275369587
2023-11-30;LATAM;54333,75218126251;-105238,88878008527;206027,98639371523
2023-12-31;LATAM;92486,23067012173;-64594,22658365597;232486,67569533215
2024-01-31;LATAM;140295,7007965649;-20107,326465277638;294835,57664509816
2024-02-29;LATAM;126339,76226008806;-30463,904926973286;284580,21701816353
2024-03-31;LATAM;60116,0928526861;-99585,39488065135;214582,18435826874
2024-04-30;LATAM;-36443,92008340451;-186903,90270636827;107716,40624459246
2024-05-31;LATAM;-101535,5962949671;-260490,21690576305;49937,87263264838
2024-06-30;LATAM;-79348,64837598737;-247316,80864390061;78065,08506092755
2024-07-31;LATAM;-20839,47768534226;-169205,27114378285;133485,4493834747
2024-08-31;LATAM;10318,695747041766;-143811,9474415495;166883,236237847
2024-09-30;LATAM;14405,388931684301;-139455,6327030307;166118,3566539639
2024-10-31;LATAM;9283,601733508567;-138922,6161046412;171542,08286528796
2024-11-30;LATAM;-13739,822590034375;-162524,76279774462;127832,18031741449
2024-12-31;LATAM;-49470,82216844541;-213460,64539406225;99265,89098956357
2017-01-31;Sky Airline;28909,989357947707;10960,311635344544;45813,94934812952
2017-02-28;Sky Airline;28921,649345398062;8994,79387122795;46581,20171683956
2017-03-31;Sky Airline;25278,40503887967;8086,989307255491;44197,69095750262
2017-04-30;Sky Airline;19572,176555135582;110,57112198913559;36831,41861814395
2017-05-31;Sky Airline;17649,887869595506;-17,342570907575755;36617,85173032301
2017-06-30;Sky Airline;17963,094997420212;-485,9073064548658;36048,00491070673
2017-07-31;Sky Airline;24000,533420061125;6319,267896009143;41865,101485256266
2017-08-31;Sky Airline;22786,661715731007;3476,2648806186653;41568,23844069936
2017-09-30;Sky Airline;21977,383266314173;4555,692481573532;40331,54009175024
2017-10-31;Sky Airline;23817,84787085603;6789,7686569132475;42445,221133215295
2017-11-30;Sky Airline;23723,780614623156;5202,394137296011;40957,464047361405
2017-12-31;Sky Airline;27154,194444472818;8961,214210054806;43518,679744182504
2018-01-31;Sky Airline;30611,41163865904;12920,95631023445;49129,843662438136
2018-02-28;Sky Airline;27583,280747146637;8795,083574059448;45449,723629346925
2018-03-31;Sky Airline;25153,408847076054;6580,462884391729;44082,986192310535
2018-04-30;Sky Airline;19942,389063663246;2304,232292454903;38746,85236772909
2018-05-31;Sky Airline;19038,75815112775;-230,965101067037;37370,9146070377
2018-06-30;Sky Airline;18513,453959653205;-109,78022584129728;37011,32861790212
2018-07-31;Sky Airline;26030,648073544053;8833,213730907004;44789,903435977445
2018-08-31;Sky Airline;22139,62120738553;4355,142908057726;40976,363554998876
2018-09-30;Sky Airline;21116,840231920953;3145,4035303409814;38455,47907858639
2018-10-31;Sky Airline;24187,175138292445;4870,274745861851;43175,89756871732
2018-11-30;Sky Airline;24324,36420544762;7282,297635890121;43277,90394108571
2018-12-31;Sky Airline;28960,616224635956;11903,302433755842;48902,842268091474
2019-01-31;Sky Airline;32268,466915130542;15025,107049911236;50445,548151585885
2019-02-28;Sky Airline;26221,17115176405;8815,202255570292;44226,99738460716
2019-03-31;Sky Airline;25051,704736037278;6811,464605301089;43979,47811111991
2019-04-30;Sky Airline;20347,10890391291;2861,791124052444;39086,6077666818
2019-05-31;Sky Airline;20443,699712281534;1512,0865344155666;38947,1447341007
2019-06-30;Sky Airline;19066,320020806907;1055,3028398210986;37082,17730472053
2019-07-31;Sky Airline;28026,996738894755;9294,164687147173;46054,684107514986
2019-08-31;Sky Airline;21447,183675330183;1634,2885545502486;39590,4092993912
2019-09-30;Sky Airline;20270,153166186923;2296,81549061761;37841,06819979876
2019-10-31;Sky Airline;24589,736143092556;7347,678572664158;42888,37226714985
2019-11-30;Sky Airline;24957,54689881691;7466,607757384158;43786,46110931223
2019-12-31;Sky Airline;30775,419359450516;13154,68635435598;48454,96286185622
2020-01-31;Sky Airline;33879,70497279532;16735,882064437705;52048,834824824764
2020-02-29;Sky Airline;32082,893829070443;13146,165272933526;50103,397540684266
2020-03-31;Sky Airline;27274,2945749351;9426,746399856242;45717,60755782867
2020-04-30;Sky Airline;21085,515204300893;3763,2023156046594;39211,790410038826
2020-05-31;Sky Airline;18127,667126533663;-1249,1458484582254;35614,12046457634
2020-06-30;Sky Airline;19265,874039327682;-314,40987389284356;35990,123605750436
2020-07-31;Sky Airline;23788,4276278516;5217,578101877234;41308,84029599566
2020-08-31;Sky Airline;25237,671872105366;7203,588603785434;43596,08804652119
2020-09-30;Sky Airline;24700,905239196727;6799,625736783667;44194,33242461439
2020-10-31;Sky Airline;25332,95281918296;8431,671636623698;43111,56924114105
2020-11-30;Sky Airline;25008,771489069717;8073,246924174775;43075,44196904059
2020-12-31;Sky Airline;27211,173927659056;9600,832515011982;44585,395533822484
2021-01-31;Sky Airline;30763,847096380265;12559,83737193385;49385,3342632497
2021-02-28;Sky Airline;30776,277043616203;13848,358233187346;49584,51328637865
2021-03-31;Sky Airline;27133,885192601076;8741,5071988022;44807,49672277518
2021-04-30;Sky Airline;21428,621037230165;3018,0105593146986;37720,847084592155
2021-05-31;Sky Airline;19507,328824623168;805,1666004089625;37727,13315808507
2021-06-30;Sky Airline;19821,514518362015;901,4194606655097;38814,95303432387
2021-07-31;Sky Airline;25859,964125749397;7737,522143982206;43360,60173149474
2021-08-31;Sky Airline;24647,103605884062;6764,277557005679;43077,94390175187
2021-09-30;Sky Airline;23839,12812243701;7073,30836476212;42017,46983870499
2021-10-31;Sky Airline;25680,939125306213;7534,668904092395;43093,184552864346
2021-11-30;Sky Airline;25588,174835213467;7147,258746269633;42146,760931598044
2021-12-31;Sky Airline;29020,063987225632;9491,7918350789;45701,15494638003
2022-01-31;Sky Airline;32478,756503272343;14148,214938196526;51416,16595435739
2022-02-28;Sky Airline;29451,95816050082;11371,022078327247;48277,03434706825
2022-03-31;Sky Airline;27023,641647444107;8396,760083686782;45165,79932133977
2022-04-30;Sky Airline;21814,12707718623;3406,16568254852;40568,96452174284
2022-05-31;Sky Airline;20912,05155174024;3018,375723779627;38336,82917513424
2022-06-30;Sky Airline;20388,252573564023;3399,6698423615057;37459,05329235325
2022-07-31;Sky Airline;27907,002074843644;10663,16143195536;46658,594831123046
2022-08-31;Sky Airline;24017,530618970162;5592,809363931211;42393,708703372504
2022-09-30;Sky Airline;22996,25487880194;6808,757013196292;41675,328588814045
2022-10-31;Sky Airline;26068,14519500705;8657,81488377424;43011,96767148711
2022-11-30;Sky Airline;26206,839497822337;7165,706045743095;43664,20006618252
2022-12-31;Sky Airline;30844,64692684005;14280,110944578393;48241,02369099666
2023-01-31;Sky Airline;34154,053027132664;16082,808149552346;52589,97391164737
2023-02-28;Sky Airline;28108,162150062628;9981,593203117089;45827,02779403035
2023-03-31;Sky Airline;26940,251142573772;9401,109713779178;44015,68458268905
2023-04-30;Sky Airline;22237,160544233262;4516,8124401792675;39590,28618039726
2023-05-31;Sky Airline;22335,306760835352;3662,7189666152794;40518,27790995853
2023-06-30;Sky Airline;20959,432235455635;2462,936123343941;38983,621520749344
2023-07-31;Sky Airline;29921,664291841702;8960,385536012833;47161,75143819938
2023-08-31;Sky Airline;23343,394278322205;5889,687216530392;41979,36378908376
2023-09-30;Sky Airline;22167,857043417225;4554,035870988869;40871,72282932863
2023-10-31;Sky Airline;26488,983070386053;8039,329825605615;44488,537624547884
2023-11-30;Sky Airline;26858,2819437211;9097,445269926277;44868,26312748411
2023-12-31;Sky Airline;32677,69212589541;14561,301415868082;50890,79372604963
2024-01-31;Sky Airline;35783,51546074913;17718,444825891864;53434,89838198091
2024-02-29;Sky Airline;33988,03988733604;16455,47432767276;51359,36922278384
2024-03-31;Sky Airline;29180,86831179799;10660,987735475243;48079,47307278358
2024-04-30;Sky Airline;22993,47056563157;4769,930150385303;40910,89650518119
2024-05-31;Sky Airline;20036,883736960302;333,8952330528377;38326,792330910386
2024-06-30;Sky Airline;21176,31121339691;3907,871386530161;40623,952528788664
2024-07-31;Sky Airline;25699,941118447758;8013,137893048825;43502,80761416963
2024-08-31;Sky Airline;27150,26167921578;7499,696010017955;45617,72454859304
2024-09-30;Sky Airline;26614,53664295579;8112,545724093775;44548,627307639494
2024-10-31;Sky Airline;27247,505564461495;9843,158526880701;45275,13413619691
2024-11-30;Sky Airline;26924,215855196653;9876,969450214585;45102,076427528984
2024-12-31;Sky Airline;29127,539635311474;10897,83369847387;47244,010747363136
